# Create Tables From Other Tables

## What does that means ?

* It is possible to create tables through other tables
* You may select all or some columns

## Syntax



```mysql
CREATE TABLE new_table_name AS
SELECT[col1,col2,col3,...,coln]
FROM existing_table_name
[WHRER];
```

## test

* 查看表 employee

```mysql
MariaDB [test]> desc employee;
+-------+-------------+------+-----+---------+-------+
| Field | Type        | Null | Key | Default | Extra |
+-------+-------------+------+-----+---------+-------+
| id    | int(11)     | NO   | PRI | NULL    |       |
| name  | varchar(30) | YES  |     | NULL    |       |
| dob   | datetime    | YES  |     | NULL    |       |
+-------+-------------+------+-----+---------+-------+
3 rows in set (0.003 sec)
```

* 从 表 employee 中 选择 id 和 name 创建成 一个新表 employee

```mysql
MariaDB [test]> create table emp_info as select id,name from employee;
Query OK, 0 rows affected (17.859 sec)
Records: 0  Duplicates: 0  Warnings: 0

MariaDB [test]>
MariaDB [test]> show tables;
+----------------+
| Tables_in_test |
+----------------+
| emp_info       |
| employee       |
+----------------+
2 rows in set (0.001 sec)
```

* 查看表 发现表 emp_info 被创建了

```mysql
MariaDB [test]> show tables;
+----------------+
| Tables_in_test |
+----------------+
| emp_info       |
| employee       |
+----------------+
2 rows in set (0.001 sec)
```

* 查看新表 emp_info

```
MariaDB [test]> desc emp_info ;
+-------+-------------+------+-----+---------+-------+
| Field | Type        | Null | Key | Default | Extra |
+-------+-------------+------+-----+---------+-------+
| id    | int(11)     | NO   |     | NULL    |       |
| name  | varchar(30) | YES  |     | NULL    |       |
+-------+-------------+------+-----+---------+-------+
2 rows in set (0.003 sec)
```

