# Inserting Data into Tables

## What to use ?

* The INSERT Query is used to insert data in a table
* Using INSERT Query you can add data into a table one row at a time.

## Optios with INSETRT Query

* Specify the columns in which data is to be stored.

* Do not Specify columns.

  (in this case you would have to make sure that the  order in which data is placed in the INSERT statement is the same as the order in which the target Fileds exist in the Table.)

  ## Syntax(Type-1)

* ```mysql
  INSERT INTO table_name(col1,col2,col3...,coln)
  VALUES(val1,val2,...,valn)
  ```

  ## Syntax(Type-2)

* ```mysql
  INSERT INTO table_name
  VALUES(val1,var2,...valn)
  ```

  

## e.g.

* 查看 表 employee

```
MariaDB [test]> desc employee;
+-------+-------------+------+-----+---------+-------+
| Field | Type        | Null | Key | Default | Extra |
+-------+-------------+------+-----+---------+-------+
| id    | int(11)     | NO   | PRI | NULL    |       |
| name  | varchar(30) | YES  |     | NULL    |       |
| dob   | datetime    | YES  |     | NULL    |       |
+-------+-------------+------+-----+---------+-------+
3 rows in set (0.003 sec)
```

* 插入数据

  ```mysql
  MariaDB [test]> INSERT INTO employee (id,name,dob) VALUES (1901,"mary","1986-11-20 11:26:00");
  Query OK, 1 row affected (4.724 sec)
  
  注意： 当 执行 char，dob 类型的语句时要叫双引号，
  否则报错
  MariaDB [test]> INSERT INTO employee (id,name,dob)
      -> VALUES (1901,`小明`,`1986-11-20 11:26:00`);
  ERROR 1054 (42S22): Unknown column '小明' in 'field list'
  ```

  

* 查看插入的数据

  ```mysql
  SELECT * FROM employee
  ```

  ```
  MariaDB [test]> SELECT * FROM employee;
  +------+------+---------------------+
  | id   | name | dob                 |
  +------+------+---------------------+
  | 1901 | mary | 1986-11-20 11:26:00 |
  +------+------+---------------------+
  1 row in set (0.001 sec)
  ```

  

* 插入方法2

  ```mysql
  SELECT INTO employee
  VALUES (2000,"ABC","2016-16-06 14:52:23“);
  ```

  

```mysql
MariaDB [test]> INSERT INTO employee
    -> VAlUES (2000,"小明","2003-10-08 12:45:02");
Query OK, 1 row affected (4.503 sec)

MariaDB [test]> SELECT * FROM employee;
+------+--------+---------------------+
| id   | name   | dob                 |
+------+--------+---------------------+
| 1901 | mary   | 1986-11-20 11:26:00 |
| 2000 | 小明   | 2003-10-08 12:45:02 |
+------+--------+---------------------+
2 rows in set (0.001 sec)
```

