# Populating One Table Using Anther

## What does that means ?

* You can put data present in one table into anther table using the INSERT Query.
* The second table needs to have Fields that can be used to populate the first tables i.e the table must be compatible.

## Syntax

```mysql
INSERT INTO first_table_name[col1,conl2,...,coln]
SELECT col1,col2,...coln
FROM second_table_name
[WHERE condition];
```

## e.g.

*  未获取之前

  ```mysql
  mysql root@(none):test> show tables;
  +----------------+
  | Tables_in_test |
  +----------------+
  | emp_info       |
  | employee       |
  +----------------+
  2 rows in set
  Time: 0.045s
  mysql root@(none):test> desc emp_info
  +-------+-------------+------+-----+---------+-------+
  | Field | Type        | Null | Key | Default | Extra |
  +-------+-------------+------+-----+---------+-------+
  | id    | int(11)     | NO   | PRI | <null>  |       |
  | name  | varchar(30) | YES  |     | <null>  |       |
  | dob   | datetime    | YES  |     | <null>  |       |
  +-------+-------------+------+-----+---------+-------+
  3 rows in set
  Time: 1.342s
  mysql root@(none):test> desc employee
  +-------+-------------+------+-----+---------+-------+
  | Field | Type        | Null | Key | Default | Extra |
  +-------+-------------+------+-----+---------+-------+
  | id    | int(11)     | NO   | PRI | <null>  |       |
  | name  | varchar(30) | YES  |     | <null>  |       |
  | dob   | datetime    | YES  |     | <null>  |       |
  +-------+-------------+------+-----+---------+-------+
  mysql root@(none):test> select * from emp_info
  +----+------+-----+
  | id | name | dob |
  +----+------+-----+
  0 rows in set
  Time: 0.037s
  mysql root@(none):test> select * from employee
  +------+------+---------------------+
  | id   | name | dob                 |
  +------+------+---------------------+
  | 1901 | mary | 1986-11-20 11:26:00 |
  | 2000 | 小明 | 2003-10-08 12:45:02 |
  +------+------+---------------------+
  2 rows in set
  Time: 0.038s
  ```

* 获取

```mysql
mysql root@(none):test> insert into emp_info (id,name,dob)
                     -> select id ,name,dob
                     -> from employee;
Query OK, 2 rows affected
Time: 2.973s
mysql root@(none):test> select * from employee;
+------+------+---------------------+
| id   | name | dob                 |
+------+------+---------------------+
| 1901 | mary | 1986-11-20 11:26:00 |
| 2000 | 小明 | 2003-10-08 12:45:02 |
+------+------+---------------------+
2 rows in set
Time: 0.038s
mysql root@(none):test> select * from emp_info;
+------+------+---------------------+
| id   | name | dob                 |
+------+------+---------------------+
| 1901 | mary | 1986-11-20 11:26:00 |
| 2000 | 小明 | 2003-10-08 12:45:02 |
+------+------+---------------------+
2 rows in set
Time: 0.038s
```

