# The SELECT Query

## What it used for ?

* it's used to get data from a table in a database.
* Onof the most important commands in SQL

## Syntax

```mysql
SELECT col1,col2,col3,...,coln
FROM table_name;
```

## e.g.

```mysql
mysql root@(none):test> describe employee;
+-------+-------------+------+-----+---------+-------+
| Field | Type        | Null | Key | Default | Extra |
+-------+-------------+------+-----+---------+-------+
| id    | int(11)     | NO   | PRI | <null>  |       |
| name  | varchar(30) | YES  |     | <null>  |       |
| dob   | datetime    | YES  |     | <null>  |       |
+-------+-------------+------+-----+---------+-------+
3 rows in set
Time: 0.041s
mysql root@(none):test> SElECT id,name
                     -> FROM employee;
+------+------+
| id   | name |
+------+------+
| 1901 | mary |
| 2000 | 小明 |
+------+------+
2 rows in set
Time: 0.038s
mysql root@(none):test> SELECT *
                     -> FROM employee;
+------+------+---------------------+
| id   | name | dob                 |
+------+------+---------------------+
| 1901 | mary | 1986-11-20 11:26:00 |
| 2000 | 小明 | 2003-10-08 12:45:02 |
+------+------+---------------------+
2 rows in set
Time: 0.037s
```

