# Logical_Operators_part2

* 从表中选择特定值

  #### IN

```mysql
mysql root@(none):test> SELECT * FROM employee
                     -> WHERE id IN (2000,1953);
+------+------+---------------------+
| id   | name | dob                 |
+------+------+---------------------+
| 1953 | 王二 | 1996-06-08 13:06:46 |
| 2000 | 小明 | 2003-10-08 12:45:02 |
+------+------+---------------------+
2 rows in set
Time: 0.040s
mysql root@(none):test> SELECT * FROM employee
                     -> WHERE id IN (2000,1953,2011);
+------+------+---------------------+
| id   | name | dob                 |
+------+------+---------------------+
| 1953 | 王二 | 1996-06-08 13:06:46 |
| 2000 | 小明 | 2003-10-08 12:45:02 |
| 2011 | 郑六 | 1956-06-03 14:43:47 |
+------+------+---------------------+
3 rows in set
Time: 0.033s
```

* 选择特定区间

  #### BETWEEN    AND

  ```mysql
  mysql root@(none):test> SELECT * FROM employee
                       -> WHERE id BETWEEN 1950 AND 2000;
  +------+------+---------------------+
  | id   | name | dob                 |
  +------+------+---------------------+
  | 1953 | 王二 | 1996-06-08 13:06:46 |
  | 1972 | 李四 | 1956-06-03 20:56:26 |
  | 1976 | 晓峰 | 2013-03-16 09:23:23 |
  | 1977 | 小风 | 2016-03-26 03:22:03 |
  | 1986 | 小芳 | 1956-06-03 19:46:00 |
  | 1993 | 小马 | 1973-05-20 05:32:00 |
  | 1998 | 赵钱 | 1956-06-03 06:23:32 |
  | 2000 | 小明 | 2003-10-08 12:45:02 |
  +------+------+---------------------+
  8 rows in set
  Time: 0.043s
  ```

  ```mysql
  mysql root@(none):test> SELECT dob FROM employee WHERE id>=2000;
  +---------------------+
  | dob                 |
  +---------------------+
  | 2003-10-08 12:45:02 |
  | 2003-10-08 12:45:02 |
  | 1956-06-03 14:43:47 |
  | 1956-06-03 22:53:53 |
  | 1956-06-03 19:03:06 |
  +---------------------+
  5 rows in set
  Time: 0.036s
  mysql root@(none):test> SELECT * FROM employee
                       -> WHERE dob < ALL (SELECT dob FROM employee WHERE id>=2000);
  +------+--------+---------------------+
  | id   | name   | dob                 |
  +------+--------+---------------------+
  | 1901 | mary   | 1986-11-20 11:26:00 |
  | 1903 | 孙李   | 1956-06-03 08:42:46 |
  | 1906 | 郑王   | 1956-06-03 03:13:23 |
  | 1923 | 周吴   | 1956-06-03 16:16:43 |
  | 1933 | 张三   | 1996-06-08 13:06:46 |
  | 1953 | 王二   | 1996-06-08 13:06:46 |
  | 1972 | 李四   | 1956-06-03 20:56:26 |
  | 1986 | 小芳   | 1956-06-03 19:46:00 |
  | 1993 | 小马   | 1973-05-20 05:32:00 |
  | 1998 | 赵钱   | 1956-06-03 06:23:32 |
  | 2011 | 郑六   | 1956-06-03 14:43:47 |
  | 2015 | 周五   | 1956-06-03 22:53:53 |
  | 2016 | 王二麻 | 1956-06-03 19:03:06 |
  +------+--------+---------------------+
  13 rows in set
  Time: 0.044s
  ```

  