# The_Delete_Query

## What it used for ?

* The DELETE Query is used to delete records from a table
* like UPDATE, the WHERE Clause

## Syntax

```mysql
DELETE FROM table_name
[WHERE condition];
```

## e.g

* 删除  王二麻    所在的 行

  windows 端 也可以，列出表---->选中数据---->右键---->Delete Row(s)---->Apply

```mysql
mysql root@(none):test> SELECT * FROM employee;
+------+--------+---------------------+
| id   | name   | dob                 |
+------+--------+---------------------+
| 1901 | 玛丽   | 1986-11-20 11:26:00 |
| 1903 | 孙李   | 1956-06-03 08:42:46 |
| 1906 | 郑王   | 1956-06-03 03:13:23 |
| 1923 | 周吴   | 1956-06-03 16:16:43 |
| 1933 | 张三   | 1996-06-08 13:06:46 |
| 1953 | 王二   | 1996-06-08 13:06:46 |
| 1972 | 李四   | 1956-06-03 20:56:26 |
| 1976 | 晓峰   | 2013-03-16 09:23:23 |
| 1977 | 小风   | 2016-03-26 03:22:03 |
| 1986 | 小芳   | 1956-06-03 19:46:00 |
| 1993 | 小马   | 1973-05-20 05:32:00 |
| 1998 | 赵钱   | 1956-06-03 06:23:32 |
| 2000 | 小明   | 2003-10-08 12:45:02 |
| 2001 | 小俄   | 2003-10-08 12:45:02 |
| 2011 | 郑六   | 1956-06-03 14:43:47 |
| 2015 | 周五   | 1956-06-03 22:53:53 |
| 2016 | 王二麻 | 1956-06-03 19:03:06 |
+------+--------+---------------------+
17 rows in set
Time: 0.043s
mysql root@(none):test> DELETE FROM employee
                     -> WHERE name="王二麻";
You're about to run a destructive command.
Do you want to proceed? (y/n): y
Your call!
Query OK, 1 row affected
Time: 2.904s
mysql root@(none):test> SELECT * FROM employee;
+------+------+---------------------+
| id   | name | dob                 |
+------+------+---------------------+
| 1901 | 玛丽 | 1986-11-20 11:26:00 |
| 1903 | 孙李 | 1956-06-03 08:42:46 |
| 1906 | 郑王 | 1956-06-03 03:13:23 |
| 1923 | 周吴 | 1956-06-03 16:16:43 |
| 1933 | 张三 | 1996-06-08 13:06:46 |
| 1953 | 王二 | 1996-06-08 13:06:46 |
| 1972 | 李四 | 1956-06-03 20:56:26 |
| 1976 | 晓峰 | 2013-03-16 09:23:23 |
| 1977 | 小风 | 2016-03-26 03:22:03 |
| 1986 | 小芳 | 1956-06-03 19:46:00 |
| 1993 | 小马 | 1973-05-20 05:32:00 |
| 1998 | 赵钱 | 1956-06-03 06:23:32 |
| 2000 | 小明 | 2003-10-08 12:45:02 |
| 2001 | 小俄 | 2003-10-08 12:45:02 |
| 2011 | 郑六 | 1956-06-03 14:43:47 |
| 2015 | 周五 | 1956-06-03 22:53:53 |
+------+------+---------------------+
16 rows in set
Time: 0.044s
```

