# The_LIKE_Operator

## What is it used for ?

* Used to compare a value to silmilar values in a table in the database
* Used with Wildcard characters

## Wildcard Characters

* % (Percent Symbol ) (百分号)

  Substitution for zero , one or many characters 

* _  (Underscore Character ) (下划线)

  Stands for one character or number

## Syntax

```mysql
SELECT column-list
FROM table_name
[WHERE col LIKE '_XXXX%'];
```

## e.g

* 选出 包含 李 字符的

  ```mysql
  mysql root@(none):test> SELECT * FROM employee;
  +------+------+---------------------+
  | id   | name | dob                 |
  +------+------+---------------------+
  | 1901 | 玛丽 | 1986-11-20 11:26:00 |
  | 1903 | 孙李 | 1956-06-03 08:42:46 |
  | 1906 | 郑王 | 1956-06-03 03:13:23 |
  | 1923 | 周吴 | 1956-06-03 16:16:43 |
  | 1933 | 张三 | 1996-06-08 13:06:46 |
  | 1953 | 王二 | 1996-06-08 13:06:46 |
  | 1972 | 李四 | 1956-06-03 20:56:26 |
  | 1976 | 晓峰 | 2013-03-16 09:23:23 |
  | 1977 | 小风 | 2016-03-26 03:22:03 |
  | 1986 | 小芳 | 1956-06-03 19:46:00 |
  | 1993 | 小马 | 1973-05-20 05:32:00 |
  | 1998 | 赵钱 | 1956-06-03 06:23:32 |
  | 2000 | 小明 | 2003-10-08 12:45:02 |
  | 2001 | 小俄 | 2003-10-08 12:45:02 |
  | 2011 | 郑六 | 1956-06-03 14:43:47 |
  | 2015 | 周五 | 1956-06-03 22:53:53 |
  +------+------+---------------------+
  16 rows in set
  Time: 0.038s
  mysql root@(none):test> SELECT * FROM employee
                       -> WHERE name LIKE "%李%";
  +------+------+---------------------+
  | id   | name | dob                 |
  +------+------+---------------------+
  | 1903 | 孙李 | 1956-06-03 08:42:46 |
  | 1972 | 李四 | 1956-06-03 20:56:26 |
  +------+------+---------------------+
  2 rows in set
  Time: 0.033s
  ```

  

* 查看 id  为 2~1~的

```mysql
mysql root@(none):test> SELECT * FROM employee
                     -> WHERE id LIKE "%2_1%";
+------+------+---------------------+
| id   | name | dob                 |
+------+------+---------------------+
| 2011 | 郑六 | 1956-06-03 14:43:47 |
| 2015 | 周五 | 1956-06-03 22:53:53 |
+------+------+---------------------+
2 rows in set
Time: 0.039s
```

* 查看 id 第二个 数字为  9 的

  ```mysql
  mysql root@(none):test> SELECT * FROM employee
                       -> WHERE id LIKE "_9%";
  +------+------+---------------------+
  | id   | name | dob                 |
  +------+------+---------------------+
  | 1901 | 玛丽 | 1986-11-20 11:26:00 |
  | 1903 | 孙李 | 1956-06-03 08:42:46 |
  | 1906 | 郑王 | 1956-06-03 03:13:23 |
  | 1923 | 周吴 | 1956-06-03 16:16:43 |
  | 1933 | 张三 | 1996-06-08 13:06:46 |
  | 1953 | 王二 | 1996-06-08 13:06:46 |
  | 1972 | 李四 | 1956-06-03 20:56:26 |
  | 1976 | 晓峰 | 2013-03-16 09:23:23 |
  | 1977 | 小风 | 2016-03-26 03:22:03 |
  | 1986 | 小芳 | 1956-06-03 19:46:00 |
  | 1993 | 小马 | 1973-05-20 05:32:00 |
  | 1998 | 赵钱 | 1956-06-03 06:23:32 |
  +------+------+---------------------+
  12 rows in set
  Time: 0.044s
  ```

  