# The_ORDER_BY_Clause

## What is it used for ?

* To sort data fetched from a table

## Syntax

```mysql
SELECT column-list
FROM table_name
[WHERE condition]
[ORDER BY col1,co;2,....,coln][ASC/DESC];
```

## e.g

* 以 dob 排序（从小到大）

```mysql
mysql root@(none):test> SELECT * FROM employee;
+------+------+---------------------+
| id   | name | dob                 |
+------+------+---------------------+
| 1901 | 玛丽 | 1986-11-20 11:26:00 |
| 1903 | 孙李 | 1956-06-03 08:42:46 |
| 1906 | 郑王 | 1956-06-03 03:13:23 |
| 1923 | 周吴 | 1956-06-03 16:16:43 |
| 1933 | 张三 | 1996-06-08 13:06:46 |
| 1953 | 王二 | 1996-06-08 13:06:46 |
| 1972 | 李四 | 1956-06-03 20:56:26 |
| 1976 | 晓峰 | 2013-03-16 09:23:23 |
| 1977 | 小风 | 2016-03-26 03:22:03 |
| 1986 | 小芳 | 1956-06-03 19:46:00 |
| 1993 | 小马 | 1973-05-20 05:32:00 |
| 1998 | 赵钱 | 1956-06-03 06:23:32 |
| 2000 | 小明 | 2003-10-08 12:45:02 |
| 2001 | 小俄 | 2003-10-08 12:45:02 |
| 2011 | 郑六 | 1956-06-03 14:43:47 |
| 2015 | 周五 | 1956-06-03 22:53:53 |
+------+------+---------------------+
16 rows in set
Time: 0.045s
mysql root@(none):test> SELECT * FROM employee
                     -> ORDER BY dob;
+------+------+---------------------+
| id   | name | dob                 |
+------+------+---------------------+
| 1906 | 郑王 | 1956-06-03 03:13:23 |
| 1998 | 赵钱 | 1956-06-03 06:23:32 |
| 1903 | 孙李 | 1956-06-03 08:42:46 |
| 2011 | 郑六 | 1956-06-03 14:43:47 |
| 1923 | 周吴 | 1956-06-03 16:16:43 |
| 1986 | 小芳 | 1956-06-03 19:46:00 |
| 1972 | 李四 | 1956-06-03 20:56:26 |
| 2015 | 周五 | 1956-06-03 22:53:53 |
| 1993 | 小马 | 1973-05-20 05:32:00 |
| 1901 | 玛丽 | 1986-11-20 11:26:00 |
| 1953 | 王二 | 1996-06-08 13:06:46 |
| 1933 | 张三 | 1996-06-08 13:06:46 |
| 2000 | 小明 | 2003-10-08 12:45:02 |
| 2001 | 小俄 | 2003-10-08 12:45:02 |
| 1976 | 晓峰 | 2013-03-16 09:23:23 |
| 1977 | 小风 | 2016-03-26 03:22:03 |
+------+------+---------------------+
16 rows in set
Time: 0.043s
```

* 以 dob 排序（从大到小）

  ```mysql
  mysql root@(none):test> SELECT * FROM employee
                       -> ORDER BY dob DESC;
  +------+------+---------------------+
  | id   | name | dob                 |
  +------+------+---------------------+
  | 1977 | 小风 | 2016-03-26 03:22:03 |
  | 1976 | 晓峰 | 2013-03-16 09:23:23 |
  | 2001 | 小俄 | 2003-10-08 12:45:02 |
  | 2000 | 小明 | 2003-10-08 12:45:02 |
  | 1933 | 张三 | 1996-06-08 13:06:46 |
  | 1953 | 王二 | 1996-06-08 13:06:46 |
  | 1901 | 玛丽 | 1986-11-20 11:26:00 |
  | 1993 | 小马 | 1973-05-20 05:32:00 |
  | 2015 | 周五 | 1956-06-03 22:53:53 |
  | 1972 | 李四 | 1956-06-03 20:56:26 |
  | 1986 | 小芳 | 1956-06-03 19:46:00 |
  | 1923 | 周吴 | 1956-06-03 16:16:43 |
  | 2011 | 郑六 | 1956-06-03 14:43:47 |
  | 1903 | 孙李 | 1956-06-03 08:42:46 |
  | 1998 | 赵钱 | 1956-06-03 06:23:32 |
  | 1906 | 郑王 | 1956-06-03 03:13:23 |
  +------+------+---------------------+
  16 rows in set
  Time: 0.044s
  ```

  