# The Group by clause

## What is it used for?

* To arrange idenetical data in groups
* Used with the SELECT query
* GROUP BY must always follow the WHERE clause and must precede  the WHERE clause and must precede the ORDER BY clause

## Syntax

```mysql
SELECT column-list
FROM table_name
WHERE condition
[GROUP BY column]
[GROUP BY column];
```

## e.g

* 查看每条数据 dob 的个数

```mysql
mysql root@(none):test> SELECT dob,COUNT(*)
                     -> FROM employee
                     -> GROUP BY dob;
+---------------------+----------+
| dob                 | COUNT(*) |
+---------------------+----------+
| 1956-06-03 03:13:23 | 1        |
| 1956-06-03 06:23:32 | 1        |
| 1956-06-03 08:42:46 | 1        |
| 1956-06-03 14:43:47 | 1        |
| 1956-06-03 16:16:43 | 1        |
| 1956-06-03 19:46:00 | 1        |
| 1956-06-03 20:56:26 | 1        |
| 1956-06-03 22:53:53 | 1        |
| 1973-05-20 05:32:00 | 1        |
| 1986-11-20 11:26:00 | 1        |
| 1996-06-08 13:06:46 | 2        |
| 2003-10-08 12:45:02 | 2        |
| 2013-03-16 09:23:23 | 1        |
| 2016-03-26 03:22:03 | 1        |
+---------------------+----------+
14 rows in set
Time: 0.042s
```

* 查看每条数据 dob 的个数 并计算 其 id 之和

```mysql
mysql root@(none):test> SELECT dob,SUM(id)
                     -> FROM employee
                     -> GROUP BY dob;
+---------------------+---------+
| dob                 | SUM(id) |
+---------------------+---------+
| 1956-06-03 03:13:23 | 1906    |
| 1956-06-03 06:23:32 | 1998    |
| 1956-06-03 08:42:46 | 1903    |
| 1956-06-03 14:43:47 | 2011    |
| 1956-06-03 16:16:43 | 1923    |
| 1956-06-03 19:46:00 | 1986    |
| 1956-06-03 20:56:26 | 1972    |
| 1956-06-03 22:53:53 | 2015    |
| 1973-05-20 05:32:00 | 1993    |
| 1986-11-20 11:26:00 | 1901    |
| 1996-06-08 13:06:46 | 3886    |
| 2003-10-08 12:45:02 | 4001    |
| 2013-03-16 09:23:23 | 1976    |
| 2016-03-26 03:22:03 | 1977    |
+---------------------+---------+
14 rows in set
Time: 0.034s
```

