# The_DISTINCT_keyword

## 不重复显示相同数据

## e.g

```
mysql root@(none):test> SELECT dob FROM employee
                     -> ORDER BY dob;
+---------------------+
| dob                 |
+---------------------+
| 1956-06-03 03:13:23 |
| 1956-06-03 06:23:32 |
| 1956-06-03 08:42:46 |
| 1956-06-03 14:43:47 |
| 1956-06-03 16:16:43 |
| 1956-06-03 19:46:00 |
| 1956-06-03 20:56:26 |
| 1956-06-03 22:53:53 |
| 1973-05-20 05:32:00 |
| 1986-11-20 11:26:00 |
| 1996-06-08 13:06:46 |
| 1996-06-08 13:06:46 |
| 2003-10-08 12:45:02 |
| 2003-10-08 12:45:02 |
| 2013-03-16 09:23:23 |
| 2016-03-26 03:22:03 |
+---------------------+
16 rows in set
Time: 0.033s
mysql root@(none):test> SELECT DISTINCT dob FROM employee
                     -> ORDER BY dob;
+---------------------+
| dob                 |
+---------------------+
| 1956-06-03 03:13:23 |
| 1956-06-03 06:23:32 |
| 1956-06-03 08:42:46 |
| 1956-06-03 14:43:47 |
| 1956-06-03 16:16:43 |
| 1956-06-03 19:46:00 |
| 1956-06-03 20:56:26 |
| 1956-06-03 22:53:53 |
| 1973-05-20 05:32:00 |
| 1986-11-20 11:26:00 |
| 1996-06-08 13:06:46 |
| 2003-10-08 12:45:02 |
| 2013-03-16 09:23:23 |
| 2016-03-26 03:22:03 |
+---------------------+
14 rows in set
Time: 0.040s
```

