# Aliasing_Throug_AS_Clause

## 改变表头显示

```mysql
mysql root@(none):mysql> use test;
You are now connected to database "test" as user "root"
Time: 0.005s
mysql root@(none):test> show databases;
+--------------------+
| Database           |
+--------------------+
| information_schema |
| mysql              |
| performance_schema |
| test               |
+--------------------+
4 rows in set
Time: 0.038s
mysql root@(none):test> select * from employee;
+------+------+---------------------+
| id   | name | dob                 |
+------+------+---------------------+
| 1901 | 玛丽 | 1986-11-20 11:26:00 |
| 1903 | 孙李 | 1956-06-03 08:42:46 |
| 1906 | 郑王 | 1956-06-03 03:13:23 |
| 1923 | 周吴 | 1956-06-03 16:16:43 |
| 1933 | 张三 | 1996-06-08 13:06:46 |
| 1953 | 王二 | 1996-06-08 13:06:46 |
| 1972 | 李四 | 1956-06-03 20:56:26 |
| 1976 | 晓峰 | 2013-03-16 09:23:23 |
| 1977 | 小风 | 2016-03-26 03:22:03 |
| 1986 | 小芳 | 1956-06-03 19:46:00 |
| 1993 | 小马 | 1973-05-20 05:32:00 |
| 1998 | 赵钱 | 1956-06-03 06:23:32 |
| 2000 | 小明 | 2003-10-08 12:45:02 |
| 2001 | 小俄 | 2003-10-08 12:45:02 |
| 2011 | 郑六 | 1956-06-03 14:43:47 |
| 2015 | 周五 | 1956-06-03 22:53:53 |
+------+------+---------------------+
16 rows in set
Time: 0.043s
mysql root@(none):test> select name as 姓名,id as 出生日期,dob as 入职日期 from
                     ->  employee;
+------+----------+---------------------+
| 姓名 | 出生日期 | 入职日期            |
+------+----------+---------------------+
| 玛丽 | 1901     | 1986-11-20 11:26:00 |
| 孙李 | 1903     | 1956-06-03 08:42:46 |
| 郑王 | 1906     | 1956-06-03 03:13:23 |
| 周吴 | 1923     | 1956-06-03 16:16:43 |
| 张三 | 1933     | 1996-06-08 13:06:46 |
| 王二 | 1953     | 1996-06-08 13:06:46 |
| 李四 | 1972     | 1956-06-03 20:56:26 |
| 晓峰 | 1976     | 2013-03-16 09:23:23 |
| 小风 | 1977     | 2016-03-26 03:22:03 |
| 小芳 | 1986     | 1956-06-03 19:46:00 |
| 小马 | 1993     | 1973-05-20 05:32:00 |
| 赵钱 | 1998     | 1956-06-03 06:23:32 |
| 小明 | 2000     | 2003-10-08 12:45:02 |
| 小俄 | 2001     | 2003-10-08 12:45:02 |
| 郑六 | 2011     | 1956-06-03 14:43:47 |
| 周五 | 2015     | 1956-06-03 22:53:53 |
+------+----------+---------------------+
16 rows in set
Time: 0.046s
mysql root@(none):test> select * from employee;
+------+------+---------------------+
| id   | name | dob                 |
+------+------+---------------------+
| 1901 | 玛丽 | 1986-11-20 11:26:00 |
| 1903 | 孙李 | 1956-06-03 08:42:46 |
| 1906 | 郑王 | 1956-06-03 03:13:23 |
| 1923 | 周吴 | 1956-06-03 16:16:43 |
| 1933 | 张三 | 1996-06-08 13:06:46 |
| 1953 | 王二 | 1996-06-08 13:06:46 |
| 1972 | 李四 | 1956-06-03 20:56:26 |
| 1976 | 晓峰 | 2013-03-16 09:23:23 |
| 1977 | 小风 | 2016-03-26 03:22:03 |
| 1986 | 小芳 | 1956-06-03 19:46:00 |
| 1993 | 小马 | 1973-05-20 05:32:00 |
| 1998 | 赵钱 | 1956-06-03 06:23:32 |
| 2000 | 小明 | 2003-10-08 12:45:02 |
| 2001 | 小俄 | 2003-10-08 12:45:02 |
| 2011 | 郑六 | 1956-06-03 14:43:47 |
| 2015 | 周五 | 1956-06-03 22:53:53 |
+------+------+---------------------+
16 rows in set
Time: 0.042s
```

* 注意： 只是改变显示的表头，实际表头并未被改写