# using_GROUP_BY_clause_with_SQL_joins

## 使用不同的表综合到一个表上看

```mysql
mysql root@(none):test> show tables;
+----------------+
| Tables_in_test |
+----------------+
| emp_info       |
| employee       |
+----------------+
2 rows in set
Time: 0.038s
mysql root@(none):test> select * from emp_info;
+------+------+---------------------+--------+-----+
| id   | name | dob                 | salary | age |
+------+------+---------------------+--------+-----+
| 1901 | 玛丽 | 1986-11-20 11:26:00 | 8000   | 40  |
| 2000 | 小明 | 2003-10-08 12:45:02 | 2000   | 20  |
+------+------+---------------------+--------+-----+
2 rows in set
Time: 0.032s
mysql root@(none):test> select * from employee;
+------+--------+---------------------+
| id   | name   | dob                 |
+------+--------+---------------------+
| 1901 | 玛丽   | 1986-11-20 11:26:00 |
| 1903 | 孙李   | 1956-06-03 08:42:46 |
| 1906 | 郑王   | 1956-06-03 03:13:23 |
| 1923 | 周吴   | 1956-06-03 16:16:43 |
| 1933 | 张三   | 1996-06-08 13:06:46 |
| 1937 | <null> | <null>              |
| 1953 | 王二   | 1996-06-08 13:06:46 |
| 1972 | 李四   | 1956-06-03 20:56:26 |
| 1976 | 晓峰   | 2013-03-16 09:23:23 |
| 1977 | 小风   | 2016-03-26 03:22:03 |
| 1986 | 小芳   | 1956-06-03 19:46:00 |
| 1993 | 小马   | 1973-05-20 05:32:00 |
| 1998 | 赵钱   | 1956-06-03 06:23:32 |
| 2000 | 小明   | 2003-10-08 12:45:02 |
| 2001 | 小俄   | 2003-10-08 12:45:02 |
| 2009 | 小下   | 2000-10-08 12:45:02 |
| 2011 | 郑六   | 1956-06-03 14:43:47 |
| 2015 | 周五   | 1956-06-03 22:53:53 |
+------+--------+---------------------+
18 rows in set
Time: 0.044s
mysql root@(none):test> select e.name,sum(ei.age) as "基本情况",
                     -> sum(ei.salary) as "生活情况"
                     -> from employee as e
                     -> join emp_info as ei
                     -> on e.id=ei.id
                     -> group by e.id;
+------+----------+----------+
| name | 基本情况 | 生活情况 |
+------+----------+----------+
| 玛丽 | 40       | 8000.0   |
| 小明 | 20       | 2000.0   |
+------+----------+----------+
2 rows in set
Time: 3.027s
```

